t,eeg
1747588210.0956657,255.4761419794278
1747588210.0995874,262.9206061704217
1747588210.103509,269.9437604301622
1747588210.1074305,276.3252005939704
1747588210.111352,281.8473741085149
1747588210.1152737,286.32041634872564
1747588210.1191952,289.632441789401
1747588210.1231167,291.75187942202473
1747588210.1270382,292.6850027473021
1747588210.13096,292.4698777873727
1747588210.1348815,291.20576178978035
1747588210.138803,289.03320782757766
1747588210.1427245,286.07563754033987
1747588210.1466463,282.4133708087818
1747588210.1505678,278.0625016453179
1747588210.1544893,272.94055746139236
1747588210.1584108,266.8776387358452
1747588210.1623325,259.698976537698
1747588210.166254,251.34322224082385
1747588210.303509,-294.4022864407144
1747588210.3074305,-341.72967842408286
1747588210.311352,-389.03148713286487
1747588210.3152735,-435.6346981946205
1747588210.3191953,-480.9016452667551
1747588210.3231168,-524.2500436546447
1747588210.3270383,-565.1574268881197
1747588210.3309598,-603.1699372306263
1747588210.3348815,-637.921500937651
1747588210.338803,-669.1408433393127
1747588210.3427246,-696.6388549392028
1747588210.346646,-720.2908879713301
1747588210.3505678,-740.0165450145299
1747588210.3544893,-755.7606544159695
1747588210.3584108,-767.4949435875781
1747588210.3623323,-775.2316596204529
1747588210.366254,-779.0188637187529
1747588210.3701756,-778.926389340397
1747588210.374097,-775.0484530516843
1747588210.3780186,-767.5163000538979
1747588210.3819404,-756.5081149133905
1747588210.3858619,-742.2567316106404
1747588210.3897834,-725.0470697977584
1747588210.393705,-705.1970589485225
1747588210.3976266,-683.0340081332931
1747588210.4015481,-658.87669860805
1747588210.4054697,-633.0246858188451
1747588210.4093912,-605.7612611947812
1747588210.413313,-577.369950802993
1747588210.4172344,-548.1464603558651
1747588210.421156,-518.3947266188443
1747588210.4250774,-488.40999630354383
1747588210.4289992,-458.45779927255495
1747588210.4329207,-428.7701288331861
1747588210.4368422,-399.5639900775388
1747588210.4407637,-371.0521418526714
1747588210.4446855,-343.4277580948173
1747588210.448607,-316.84282960666087
1747588210.4525285,-291.40114242534605
1747588210.45645,-267.16018504342134
1747588210.846674,-264.05846235011177
1747588210.8505957,-285.48560384206786
1747588210.8545172,-306.35585032980117
1747588210.8584387,-326.45552026509205
1747588210.8623602,-345.58683505060566
1747588210.866282,-363.5751908962564
1747588210.8702035,-380.27952657339773
1747588210.874125,-395.6025906103302
1747588210.8780465,-409.49626140811876
1747588210.8819683,-421.95328747917796
1747588210.8858898,-432.99035629358474
1747588210.8898113,-442.6392953993119
1747588210.8937328,-450.9469784200302
1747588210.8976545,-457.9690552652583
1747588210.901576,-463.7640666439051
1747588210.9054976,-468.4092863023159
1747588210.909419,-472.02739277557987
1747588210.9133408,-474.78917708678733
1747588210.9172623,-476.8909726462995
1747588210.9211838,-478.5441400168978
1747588210.9251053,-479.9889430984051
1747588210.929027,-481.498877810203
1747588210.9329486,-483.35865466878016
1747588210.93687,-485.8366461062638
1747588210.9407916,-489.1621495581386
1747588210.9447134,-493.50946254509216
1747588210.9486349,-499.0012690919813
1747588210.9525564,-505.7229075864543
1747588210.9564779,-513.7221593935858
1747588210.9603996,-522.9989869839958
1747588210.9643211,-533.509553798842
1747588210.9682426,-545.1821624334589
1747588210.9721642,-557.9214956816207
1747588210.976086,-571.6000515492549
1747588210.9800074,-586.0590136501852
1747588210.983929,-601.1229256616922
1747588210.9878504,-616.6095618105288
1747588210.9917722,-632.3288601367533
1747588210.9956937,-648.0836968654855
1747588210.9996152,-663.6772560746364
1747588211.0035367,-678.919216928984
1747588211.0074584,-693.6288904852114
1747588211.01138,-707.6391431952914
1747588211.0153015,-720.7987851623758
1747588211.019223,-732.9714117974308
1747588211.0231447,-744.0371118754076
1747588211.0270662,-753.8990313886317
1747588211.0309877,-762.4851067852909
1747588211.0349092,-769.7416429018326
1747588211.038831,-775.630423885649
1747588211.0427525,-780.134865119709
1747588211.046674,-783.2631949807104
1747588211.0505955,-785.0411114071172
1747588211.0545173,-785.5050463282955
1747588211.0584388,-784.7052832939568
1747588211.0623603,-782.7098615063634
1747588211.0662818,-779.5994368410874
1747588211.0702035,-775.4598090369283
1747588211.074125,-770.3816890508283
1747588211.0780466,-764.4634417744408
1747588211.081968,-757.8086198025402
1747588211.0858898,-750.520625947599
1747588211.0898113,-742.6997296856927
1747588211.0937328,-734.4408656243023
1747588211.0976543,-725.8311525504555
1747588211.101576,-716.9498651202252
1747588211.1054976,-707.863724426279
1747588211.109419,-698.604134812002
1747588211.1133406,-689.1426755868258
1747588211.1172624,-679.395303483241
1747588211.1211839,-669.2409321223536
1747588211.1251054,-658.5301875648029
1747588211.129027,-647.0989380237819
1747588211.1329486,-634.7897278911375
1747588211.1368701,-621.4642045234559
1747588211.1407917,-607.0144700697234
1747588211.1447132,-591.3786756712244
1747588211.148635,-574.5397303985474
1747588211.1525564,-556.5043838282446
1747588211.156478,-537.2894732705965
1747588211.1603994,-516.925124139584
1747588211.1643212,-495.45662979553134
1747588211.1682427,-472.93676858922913
1747588211.1721642,-449.42426932466987
1747588211.1760857,-424.9990275603087
1747588211.1800075,-399.7777106355982
1747588211.183929,-373.911377683975
1747588211.1878505,-347.5784752132378
1747588211.191772,-320.99406183328597
1747588211.1956937,-294.42189200461274
1747588211.1996152,-268.16602202966334
1747588211.3329484,269.5783461792148
1747588211.3368702,304.8147349750067
1747588211.3407917,339.736266598069
1747588211.3447132,373.791680783802
1747588211.3486347,406.4835043199573
1747588211.3525565,437.3784539526517
1747588211.356478,466.16265811242175
1747588211.3603995,492.70360999791666
1747588211.364321,517.0298829139372
1747588211.3682427,539.2558780063421
1747588211.3721642,559.5497083326984
1747588211.3760858,578.1790638803234
1747588211.3800073,595.5498253425052
1747588211.383929,612.1651423154761
1747588211.3878505,628.5262672859491
1747588211.391772,645.0048099186349
1747588211.3956935,661.7748230027576
1747588211.3996153,678.8790179875286
1747588211.4035368,696.3457177740673
1747588211.4074583,714.2531307444142
1747588211.4113798,732.7156709353061
1747588211.4153016,751.8400051003108
1747588211.419223,771.7222653324311
1747588211.4231446,792.432807064551
1747588211.427066,813.8940545012409
1747588211.4309878,835.7636120377516
1747588211.4349093,857.486865388665
1747588211.4388309,878.4230687714605
1747588211.4427524,897.9197181287128
1747588211.446674,915.4114325973147
1747588211.4505956,930.5128541785406
1747588211.4545171,942.975653482685
1747588211.4584386,952.6082933549699
1747588211.4623604,959.2729598122692
1747588211.466282,962.8351070090054
1747588211.4702034,963.0576196238987
1747588211.474125,959.6260269322581
1747588211.4780467,952.2602216698402
1747588211.4819682,940.796851919291
1747588211.4858897,925.2799907904798
1747588211.4898112,905.9916586925572
1747588211.493733,883.3430771210997
1747588211.4976544,857.7365659701381
1747588211.501576,829.5200406714612
1747588211.5054975,799.0075821848094
1747588211.5094192,766.4995424134606
1747588211.5133407,732.3101704495352
1747588211.5172622,696.784901128302
1747588211.5211837,660.2847430936687
1747588211.5251055,623.212619977436
1747588211.529027,586.0817059302017
1747588211.5329485,549.5055832658632
1747588211.53687,514.0987834582506
1747588211.5407917,480.39963980331817
1747588211.5447133,448.87526653388534
1747588211.5486348,419.9554148369253
1747588211.5525563,394.0172085807672
1747588211.556478,371.33079655148873
1747588211.5603995,352.0172160697159
1747588211.564321,336.0180020132814
1747588211.5682425,323.0907762938239
1747588211.5721643,312.8755156796935
1747588211.5760858,305.0052257933255
1747588211.5800073,299.17045641438386
1747588211.5839288,295.11038747276314
1747588211.5878506,292.580838485676
1747588211.591772,291.31993351524477
1747588211.5956936,291.02624454790276
1747588211.599615,291.39379401952186
1747588211.6035368,292.1803197341484
1747588211.6074584,293.21681105569303
1747588211.6113799,294.3518984786387
1747588211.6153014,295.4268901191774
1747588211.619223,296.30462165586374
1747588211.6231446,296.8787229853738
1747588211.6270661,297.0456496811778
1747588211.6309876,296.6857183135879
1747588211.6349094,295.6667946641821
1747588211.638831,293.8820802629504
1747588211.6427524,291.3059123133126
1747588211.646674,287.973138427093
1747588211.6505957,283.910786404542
1747588211.6545172,279.1406814070552
1747588211.6584387,273.7075969112572
1747588211.6623602,267.6670876235323
1747588211.666282,261.0770256694999
1747588211.6702034,253.99552903091964
1747588212.4581082,-257.8282854754752
1747588212.46203,-301.46886287432005
1747588212.4659514,-345.45452984036524
1747588212.469873,-389.3171379347808
1747588212.4737945,-432.5563707847711
1747588212.4777162,-474.6778609853989
1747588212.4816377,-515.2161769599214
1747588212.4855592,-553.729981253802
1747588212.4894807,-589.8090381647752
1747588212.4934025,-623.1002692132694
1747588212.497324,-653.3214879339548
1747588212.5012455,-680.2566286918357
1747588212.505167,-703.7537681269341
1747588212.5090888,-723.7292026657651
1747588212.5130103,-740.1624692603036
1747588212.5169318,-753.0826178382314
1747588212.5208533,-762.5572541704746
1747588212.524775,-768.6853926364812
1747588212.5286965,-771.5933743042876
1747588212.532618,-771.436352155849
1747588212.5365396,-768.3987767881423
1747588212.5404613,-762.6861811722824
1747588212.5443828,-754.5156684337564
1747588212.5483043,-744.1174918088569
1747588212.5522258,-731.7428275139602
1747588212.5561476,-717.6594292380996
1747588212.560069,-702.1353484140141
1747588212.5639906,-685.4284269134027
1747588212.567912,-667.7795807009136
1747588212.5718338,-649.3983846643067
1747588212.5757554,-630.4519046612627
1747588212.5796769,-611.0684318202594
1747588212.5835984,-591.3489418813531
1747588212.5875201,-571.379932563687
1747588212.5914416,-551.2425185208814
1747588212.5953631,-531.0113470226452
1747588212.5992846,-510.75206604782716
1747588212.6032064,-490.52367049591277
1747588212.607128,-470.37445537937884
1747588212.7154603,-252.27370358885298
1747588212.7193818,-278.0759734948677
1747588212.7233033,-304.41968177033124
1747588212.727225,-331.04480071577586
1747588212.7311466,-357.6951876907323
1747588212.735068,-384.12565343353725
1747588212.7389896,-410.10380839288007
1747588212.7429113,-435.41169164269724
1747588212.7468328,-459.8331097755968
1747588212.7507544,-483.13053084262486
1747588212.7546759,-505.0435615957656
1747588212.7585976,-525.3121079846486
1747588212.7625191,-543.6896256566988
1747588212.7664406,-559.9401308880854
1747588212.7703621,-573.842722528785
1747588212.774284,-585.2010048258583
1747588212.7782054,-593.8431735657815
1747588212.782127,-599.6269897536721
1747588212.7860484,-602.4580105445149
1747588212.7899702,-602.2951972275782
1747588212.7938917,-599.1325210530969
1747588212.7978132,-592.9873584326115
1747588212.8017347,-583.915764250717
1747588212.8056564,-572.0268115731956
1747588212.809578,-557.4710863645558
1747588212.8134995,-540.4273617458337
1747588212.817421,-521.1100727505197
1747588212.8213427,-499.77331447651517
1747588212.8252642,-476.6908491283044
1747588212.8291857,-452.13631552033115
1747588212.8331072,-426.3876851604054
1747588212.837029,-399.7384744613215
1747588212.8409505,-372.4889692789107
1747588212.844872,-344.92722402873926
1747588212.8487935,-317.31954033769927
1747588212.8527153,-289.90010637851873
1747588212.8566368,-262.8583490901102
1747588213.1468327,-255.736131306093
1747588213.1507545,-276.5786827627881
1747588213.154676,-297.5134670533698
1747588213.1585975,-318.4282061441557
1747588213.162519,-339.2279999454961
1747588213.1664407,-359.8287274584009
1747588213.1703622,-380.14489923084506
1747588213.1742837,-400.08160065141425
1747588213.1782053,-419.5387672638077
1747588213.182127,-438.4150313491314
1747588213.1860485,-456.6061519656131
1747588213.18997,-474.01057669377843
1747588213.1938915,-490.53888182287
1747588213.1978133,-506.11529620832675
1747588213.2017348,-520.681068331062
1747588213.2056563,-534.2066954809176
1747588213.2095778,-546.6950467414903
1747588213.2134995,-558.1673143179163
1747588213.217421,-568.6492500303644
1747588213.2213426,-578.1698975631509
1747588213.225264,-586.7653363568346
1747588213.2291858,-594.47738141336
1747588213.2331073,-601.3483606832735
1747588213.2370288,-607.4181497949947
1747588213.2409503,-612.7244869984695
1747588213.244872,-617.3036806893389
1747588213.2487936,-621.1908019180831
1747588213.252715,-624.4197981681558
1747588213.2566366,-627.022660004755
1747588213.2605584,-629.0279700495923
1747588213.2644799,-630.4616287425235
1747588213.2684014,-631.3497921269003
1747588213.272323,-631.7195717764603
1747588213.2762446,-631.5961310242768
1747588213.2801661,-631.0013812123839
1747588213.2840877,-629.9572259743721
1747588213.2880092,-628.4882427461363
1747588213.291931,-626.6193947635131
1747588213.2958524,-624.3730193532489
1747588213.299774,-621.7704366531651
1747588213.3036954,-618.8352327088729
1747588213.3076172,-615.592531426179
1747588213.3115387,-612.0660109996463
1747588213.3154602,-608.27702879077
1747588213.3193817,-604.2426213406031
1747588213.3233035,-599.9704132921443
1747588213.327225,-595.4575983547998
1747588213.3311465,-590.6934846533998
1747588213.335068,-585.655793564922
1747588213.3389897,-580.3052724554537
1747588213.3429112,-574.5898767409124
1747588213.3468328,-568.4544005420585
1747588213.3507543,-561.847237682645
1747588213.354676,-554.7197883412118
1747588213.3585975,-547.0181501695511
1747588213.362519,-538.6752046890281
1747588213.3664405,-529.6060960284769
1747588213.3703623,-519.7057220571331
1747588213.3742838,-508.85423913943976
1747588213.3782053,-496.92862818573764
1747588213.3821268,-483.81120538022674
1747588213.3860486,-469.401011096148
1747588213.38997,-453.63181597408675
1747588213.3938916,-436.4784401676134
1747588213.397813,-417.9444040549607
1747588213.4017348,-398.0508018497886
1747588213.4056563,-376.83246280200933
1747588213.4095778,-354.32903585211
1747588213.4134994,-330.57780767174074
1747588213.417421,-305.6221259179808
1747588213.4213426,-279.52491993722737
1747588213.4252641,-252.36973435824243
1747588213.4958525,250.17980911046737
1747588213.499774,272.19448839931164
1747588213.5036955,293.1964241665849
1747588213.507617,313.0359938995167
1747588213.5115387,331.5160410831525
1747588213.5154603,348.4507965105806
1747588213.5193818,363.76129607662256
1747588213.5233033,377.5343091041783
1747588213.527225,389.96265664908407
1747588213.5311465,401.24380249572926
1747588213.535068,411.5234565323664
1747588213.5389895,420.8572078368618
1747588213.5429113,429.20513221168716
1747588213.5468328,436.4882417543667
1747588213.5507543,442.6322572861691
1747588213.5546758,447.56903016817904
1747588213.5585976,451.2516446663538
1747588213.562519,453.66807843384385
1747588213.5664406,454.8354568342352
1747588213.570362,454.84094902666664
1747588213.5742838,453.892057633941
1747588213.5782053,452.2698578630534
1747588213.5821269,450.2399158529853
1747588213.5860484,448.02624920921687
1747588213.58997,445.8440607007809
1747588213.5938916,443.94013470670814
1747588213.5978131,442.59560167934495
1747588213.6017346,442.0752030462367
1747588213.6056564,442.5719939979509
1747588213.609578,444.20872898750434
1747588214.8557022,-271.57857795919745
1747588214.8596237,-308.3058943554097
1747588214.8635452,-346.76071334042837
1747588214.8674667,-386.6013923067335
1747588214.8713884,-427.44121683393655
1747588214.87531,-468.84144984391276
1747588214.8792315,-510.3354659489645
1747588214.883153,-551.4587747085644
1747588214.8870747,-591.7600226306236
1747588214.8909962,-630.8099516910296
1747588214.8949177,-668.2168078134173
1747588214.8988392,-703.6304827140526
1747588214.902761,-736.7319774262942
1747588214.9066825,-767.2243351344276
1747588214.910604,-794.8337644466097
1747588214.9145255,-819.3155543774533
1747588214.9184473,-840.461355213408
1747588214.9223688,-858.1132079396202
1747588214.9262903,-872.1783188489334
1747588214.9302118,-882.627271723661
1747588214.9341335,-889.4844830479034
1747588214.938055,-892.8382024458663
1747588214.9419765,-892.8592445597678
1747588214.945898,-889.7915566922694
1747588214.9498198,-883.9180453837391
1747588214.9537413,-875.534941473011
1747588214.9576628,-864.9420012300758
1747588214.9615843,-852.4357258192258
1747588214.965506,-838.3040101248478
1747588214.9694276,-822.8279650449033
1747588214.973349,-806.2876164295132
1747588214.9772706,-788.9614314573654
1747588214.9811924,-771.1202626168023
1747588214.9851139,-753.0271113612492
1747588214.9890354,-734.9436045203471
1747588214.9929569,-717.130955465448
1747588214.9968786,-699.8421831129367
1747588215.0008001,-683.3111567511689
1747588215.0047216,-667.7340095418848
1747588215.0086432,-653.2472569810752
1747588215.012565,-639.9272259833189
1747588215.0164864,-627.80968249579
1747588215.020408,-616.8981505564468
1747588215.0243294,-607.1567962113808
1747588215.0282512,-598.5121347362038
1747588215.0321727,-590.8681411433226
1747588215.0360942,-584.1190369417859
1747588215.0400157,-578.1523229594331
1747588215.0439374,-572.8471741507236
1747588215.047859,-568.0764904069597
1747588215.0517805,-563.7165074550775
1747588215.055702,-559.6596608787037
1747588215.0596237,-555.8218142403155
1747588215.0635452,-552.1392728247494
1747588215.0674667,-548.5600954199534
1747588215.0713882,-545.0399378937758
1747588215.07531,-541.5473455557628
1747588215.0792315,-538.06855093422
1747588215.083153,-534.602393830194
1747588215.0870745,-531.153680696148
1747588215.0909963,-527.7326602162528
1747588215.0949178,-524.3545449434688
1747588215.0988393,-521.0363760888902
1747588215.1027608,-517.7980286678851
1747588215.1066825,-514.6683803482184
1747588215.110604,-511.68723295893454
1747588215.1145256,-508.900485354522
1747588215.118447,-506.3583210861328
1747588215.1223688,-504.1189087856821
1747588215.1262903,-502.24839774100354
1747588215.1302118,-500.81559654476223
1747588215.1341333,-499.8869872857792
1747588215.138055,-499.51895134227976
1747588215.1419766,-499.74713907236577
1747588215.145898,-500.5858467708927
1747588215.1498196,-502.03776049682676
1747588215.1537414,-504.09563287577936
1747588215.1576629,-506.73242209913275
1747588215.1615844,-509.8986936358983
1747588215.165506,-513.5331927249774
1747588215.1694276,-517.5699388801586
1747588215.1733491,-521.9342868456106
1747588215.1772707,-526.5401776180768
1747588215.1811922,-531.295741052174
1747588215.185114,-536.1074573716861
1747588215.1890354,-540.8724860903953
1747588215.192957,-545.4675884850443
1747588215.1968784,-549.7513642700145
1747588215.2008002,-553.5745387901736
1747588215.2047217,-556.7802088855461
1747588215.2086432,-559.1957940545594
1747588215.2125647,-560.6308688518645
1747588215.2164865,-560.8844493465847
1747588215.220408,-559.7595582964688
1747588215.2243295,-557.080681332821
1747588215.228251,-552.701010065625
1747588215.2321727,-546.4920468966635
1747588215.2360942,-538.3293672334347
1747588215.2400157,-528.0940242472253
1747588215.2439373,-515.6850690884503
1747588215.247859,-501.02139490323435
1747588215.2517805,-484.034948175067
1747588215.255702,-464.67808896839233
1747588215.2596235,-442.93949646133234
1747588215.2635453,-418.84130414296436
1747588215.2674668,-392.42474222644546
1747588215.2713883,-363.75711192872063
1747588215.2753098,-332.9559524856939
1747588215.2792315,-300.1878614678216
1747588215.283153,-265.6327712638914
1747588216.963131,-267.8278036732389
1747588216.9670525,-287.37592671237803
1747588216.9709742,-306.8621264165279
1747588216.9748957,-326.2388608038295
1747588216.9788172,-345.4568632669451
1747588216.9827387,-364.4707421225432
1747588216.9866605,-383.2396772918197
1747588216.990582,-401.7062968273122
1747588216.9945035,-419.76501534321693
1747588216.998425,-437.26451515174256
1747588217.0023468,-454.0462549698054
1747588217.0062683,-469.9650943665121
1747588217.0101898,-484.8760825374536
1747588217.0141113,-498.6303993376884
1747588217.018033,-511.09960825588746
1747588217.0219545,-522.1990358775138
1747588217.025876,-531.8880292096699
1747588217.0297976,-540.1574825342487
1747588217.0337193,-547.0231678756383
1747588217.0376408,-552.5252543724483
1747588217.0415623,-556.7238155460142
1747588217.0454838,-559.6912584450763
1747588217.0494056,-561.5076157047141
1747588217.053327,-562.2600582496895
1747588217.0572486,-562.049005943793
1747588217.06117,-560.9968352193029
1747588217.0650918,-559.2461492534085
1747588217.0690134,-556.9487719883314
1747588217.0729349,-554.2653987211698
1747588217.0768564,-551.3798800263817
1747588217.0807781,-548.5031902444377
1747588217.0846996,-545.856064646637
1747588217.0886211,-543.6505430930794
1747588217.0925426,-542.0810022560469
1747588217.0964644,-541.3163997165458
1747588217.100386,-541.4952553922845
1747588217.1043074,-542.7278018588564
1747588217.108229,-545.0939457577952
1747588217.1121507,-548.6324401784866
1747588217.1160722,-553.3383457883214
1747588217.1199937,-559.1751672943069
1747588217.1239152,-566.08314146719
1747588217.127837,-573.9747166170448
1747588217.1317585,-582.7325110284396
1747588217.13568,-592.2187234151166
1747588217.1396015,-602.2808544407878
1747588217.1435232,-612.7410058613735
1747588217.1474447,-623.3857082140769
1747588217.1513662,-633.9754995660305
1747588217.1552877,-644.261662758962
1747588217.1592095,-653.9940922395855
1747588217.163131,-662.9254432507432
1747588217.1670525,-670.8147603426104
1747588217.170974,-677.427298922255
1747588217.1748958,-682.5348594619296
1747588217.1788173,-685.918221514433
1747588217.1827388,-687.3656411703429
1747588217.1866603,-686.6688153478427
1747588217.190582,-683.6292289253249
1747588217.1945035,-678.0810777081666
1747588217.198425,-669.9112236224264
1747588217.2023466,-659.0538881992601
1747588217.2062683,-645.4756666017952
1747588217.2101898,-629.1821901433443
1747588217.2141113,-610.2373878980987
1747588217.2180328,-588.7588866713888
1747588217.2219546,-564.8855125640506
1747588217.225876,-538.7485444597403
1747588217.2297976,-510.46066607377134
1747588217.233719,-480.10790675468303
1747588217.2376409,-447.7480262237357
1747588217.2415624,-413.4346137325231
1747588217.2454839,-377.25264404929595
1747588217.2494054,-339.3323230584536
1747588217.2533271,-299.84343208629934
1747588217.2572486,-258.998288775793
1747588217.3160722,268.03622444966624
1747588217.3199937,282.8129080854958
1747588217.3239152,293.9050641354481
1747588217.3278368,301.30279071208014
1747588217.3317585,305.0682890160086
1747588217.33568,305.3098820631472
1747588217.3396015,302.16197709733007
1747588217.343523,295.78803451257585
1747588217.3474448,286.386094229237
1747588217.3513663,274.1821489770872
1747588217.4045258,-268.64632016370905
1747588217.4084475,-297.4662330939013
1747588217.412369,-326.5393135413834
1747588217.4162905,-355.6445394852909
1747588217.420212,-384.5847894951572
1747588217.4241338,-413.16813749566523
1747588217.4280553,-441.1922645087632
1747588217.4319768,-468.45685953657556
1747588217.4358983,-494.78904939705893
1747588217.43982,-520.0484846421458
1747588217.4437416,-544.1193765049851
1747588217.447663,-566.9136662357355
1747588217.4515846,-588.3784480859838
1747588217.4555063,-608.4918590717062
1747588217.4594278,-627.253548511818
1747588217.4633493,-644.6803848195827
1747588217.4672709,-660.8052639648578
1747588217.4711926,-675.6752465473901
1747588217.475114,-689.3439402511906
1747588217.4790356,-701.8521255021864
1747588217.4829571,-713.2114641738407
1747588217.4868789,-723.4120160846765
1747588217.4908004,-732.442103777906
1747588217.494722,-740.2943981969065
1747588217.4986434,-746.9578799103795
1747588217.5025651,-752.4140300287584
1747588217.5064867,-756.6415855666402
1747588217.5104082,-759.6203266555597
1747588217.5143297,-761.3319618595484
1747588217.5182514,-761.7603860591081
1747588217.522173,-760.8898562198223
1747588217.5260944,-758.6998146772829
1747588217.530016,-755.1496509962725
1747588217.5339377,-750.1564612668334
1747588217.5378592,-743.5915576883687
1747588217.5417807,-735.3045264241231
1747588217.5457022,-725.1519123434958
1747588217.549624,-713.0115043964951
1747588217.5535455,-698.781849285877
1747588217.557467,-682.384340173406
1747588217.5613885,-663.7857435774299
1747588217.5653102,-643.0181545097471
1747588217.5692317,-620.1607308353243
1747588217.5731533,-595.29958201372
1747588217.5770748,-568.5059887708762
1747588217.5809965,-539.8435238983869
1747588217.584918,-509.3833534687453
1747588217.5888395,-477.2019322654538
1747588217.592761,-443.369869728749
1747588217.5966828,-407.966660383858
1747588217.6006043,-371.11746536219937
1747588217.6045258,-333.0094784646739
1747588217.6084473,-293.89869094312314
1747588217.612369,-254.14583518911343
1747588217.6829572,255.13653277391052
1747588217.6868787,267.62713166273744
1747588217.6908004,278.80287647685253
1747588217.694722,288.8746202411384
1747588217.6986434,298.0258566082576
1747588217.702565,306.41937347410493
1747588217.7064867,314.20416304936407
1747588217.7104082,321.50382240864326
1747588217.7143297,328.3607863430285
1747588217.7182512,334.7042197454427
1747588217.722173,340.3931258455263
1747588217.7260945,345.2631766868535
1747588217.730016,349.1414829697356
1747588217.7339375,351.8639684389411
1747588217.7378592,353.2801301061555
1747588217.7417808,353.2521998396489
1747588217.7457023,351.71571856473565
1747588217.7496238,348.7453615783389
1747588217.7535455,344.52647444965197
1747588217.757467,339.29796434555084
1747588217.7613885,333.31397797994083
1747588217.76531,326.7716828185358
1747588217.7692318,319.7698772281012
1747588217.7731533,312.3635455707577
1747588217.7770748,304.60615116998224
1747588217.7809963,296.5296408527521
1747588217.784918,288.1434507621873
1747588217.7888396,279.45325931161
1747588217.792761,270.4445964694794
1747588217.7966826,261.069533520655
1747588217.8006043,251.28002521860273
1747588219.9823961,-258.12772326193715
1747588219.9863176,-273.33031125961253
1747588219.9902391,-289.4601997691447
1747588219.994161,-306.4151405570435
1747588219.9980824,-324.0788701777289
1747588220.002004,-342.2832486842091
1747588220.0059254,-360.8040956972439
1747588220.0098472,-379.39454786002545
1747588220.0137687,-397.80677679157344
1747588220.0176902,-415.791534175876
1747588220.0216117,-433.1029042366151
1747588220.0255334,-449.5122251828078
1747588220.029455,-464.82090201130484
1747588220.0333765,-478.8720480129421
1747588220.037298,-491.55535683000284
1747588220.0412197,-502.7960830345216
1747588220.0451412,-512.53438810739
1747588220.0490627,-520.7150519688757
1747588220.0529842,-527.296577826787
1747588220.056906,-532.2603901728587
1747588220.0608275,-535.605565016064
1747588220.064749,-537.3473621628807
1747588220.0686705,-537.5293489580472
1747588220.0725923,-536.2248038466829
1747588220.0765138,-533.5197134407188
1747588220.0804353,-529.5076746947942
1747588220.0843568,-524.3063802552977
1747588220.0882785,-518.064684109045
1747588220.0922,-510.9457600877281
1747588220.0961215,-503.1095628649548
1747588220.100043,-494.71075695528043
1747588220.1039648,-485.9005995549739
1747588220.1078863,-476.82391566004907
1747588220.1118078,-467.61882688960986
1747588220.1157293,-458.42214300389026
1747588220.119651,-449.37187123483886
1747588220.1235726,-440.6036024595143
1747588220.127494,-432.2492904013245
1747588220.1314156,-424.4435489922564
1747588220.1353374,-417.3261214820975
1747588220.1392589,-411.0320327450321
1747588220.1431804,-405.6820885005219
1747588220.1471019,-401.3770383152824
1747588220.1510236,-398.1805058439878
1747588220.1549451,-396.10312704917027
1747588220.1588666,-395.11190125899594
1747588220.1627882,-395.14800896620966
1747588220.16671,-396.1343529626307
1747588220.1706314,-397.9870460495052
1747588220.174553,-400.63203416037015
1747588220.1784744,-404.00987599984313
1747588220.1823962,-408.0711913135544
1747588220.1863177,-412.7746790055331
1747588220.1902392,-418.08758500714004
1747588220.1941607,-423.98350867994014
1747588220.1980824,-430.436351742359
1747588220.202004,-437.4144556863121
1747588220.2059255,-444.88019887976753
1747588220.209847,-452.79382012713296
1747588220.2137687,-461.11278668377923
1747588220.2176902,-469.7835861606049
1747588220.2216117,-478.73674931250343
1747588220.2255332,-487.8931898375307
1747588220.229455,-497.168792224228
1747588220.2333765,-506.4607316231917
1747588220.237298,-515.6304155829241
1747588220.2412195,-524.5094471432593
1747588220.2451413,-532.9189665665567
1747588220.2490628,-540.6778652872931
1747588220.2529843,-547.6009285920707
1747588220.2569058,-553.4979434635289
1747588220.2608275,-558.1763540559027
1747588220.264749,-561.4499532294161
1747588220.2686706,-563.1537214559758
1747588220.272592,-563.1523735735501
1747588220.2765138,-561.3330286919855
1747588220.2804353,-557.5946270952705
1747588220.2843568,-551.843125502956
1747588220.2882783,-543.980841080645
1747588220.2922,-533.8947255059667
1747588220.2961216,-521.4654703896954
1747588220.300043,-506.5943490944314
1747588220.3039646,-489.22093267063144
1747588220.3078864,-469.3167882835042
1747588220.3118079,-446.87437532080224
1747588220.3157294,-421.9222546365182
1747588220.319651,-394.55567029537406
1747588220.3235726,-364.93757201618484
1747588220.3274941,-333.26274684889887
1747588222.8560429,-262.32137886593426
1747588222.8599644,-281.94163003725646
1747588222.863886,-301.3299208852817
1747588222.8678076,-320.3137220187747
1747588222.8717291,-338.73939259909093
1747588222.8756506,-356.47610393149733
1747588222.8795724,-373.41942355614896
1747588222.883494,-389.49281481490823
1747588222.8874154,-404.6397397480407
1747588222.891337,-418.81155131248914
1747588222.8952587,-431.9648703779617
1747588222.8991802,-444.06971712041286
1747588222.9031017,-455.11416411571764
1747588222.9070232,-465.1029123508538
1747588222.910945,-474.06562288825194
1747588222.9148664,-482.0736710383314
1747588222.918788,-489.24153389516533
1747588222.9227095,-495.71228188731396
1747588222.9266312,-501.6501190829597
1747588222.9305527,-507.2402243131111
1747588222.9344742,-512.6810773966176
1747588222.9383957,-518.1711614162097
1747588222.9423175,-523.8941667181414
1747588222.946239,-530.0022546865009
1747588222.9501605,-536.6093857997575
1747588222.954082,-543.8010423884222
1747588222.9580038,-551.6405108252411
1747588222.9619253,-560.1578733441096
1747588222.9658468,-569.340481746075
1747588222.9697683,-579.142971533029
1747588222.97369,-589.500491663698
1747588222.9776115,-600.3215627931471
1747588222.981533,-611.4730071939704
1747588222.9854546,-622.7848711914942
1747588222.9893763,-634.0685494092943
1747588222.9932978,-645.1212391246758
1747588222.9972193,-655.7177013399936
1747588223.0011408,-665.610207414239
1747588223.0050626,-674.5422813508138
1747588223.008984,-682.2703802896898
1747588223.0129056,-688.5819958953815
1747588223.016827,-693.2929620330509
1747588223.0207489,-696.2264597573148
1747588223.0246704,-697.1938706088064
1747588223.0285919,-695.9904918596519
1747588223.0325134,-692.4066083167883
1747588223.0364351,-686.2405937713936
1747588223.0403566,-677.3059899866097
1747588223.0442781,-665.4460696917165
1747588223.0481997,-650.5534487548296
1747588223.0521214,-632.5669559214103
1747588223.056043,-611.4534079484022
1747588223.0599644,-587.2145332228404
1747588223.063886,-559.9140159073828
1747588223.0678077,-529.6804093465412
1747588223.0717292,-496.6799724351969
1747588223.0756507,-461.1198167129908
1747588223.0795722,-423.3125618816815
1747588223.083494,-383.70509281464183
1747588223.0874155,-342.814943891497
1747588223.091337,-301.172487589125
1747588223.0952585,-259.31039932171024
1747588223.373201,-263.8150270368439
1747588223.3771226,-288.6346102026364
1747588223.3810441,-313.55508315862596
1747588223.3849657,-338.49945678262975
1747588223.3888872,-363.4057456543178
1747588223.392809,-388.23292288689834
1747588223.3967304,-412.9584464187975
1747588223.400652,-437.568391047682
1747588223.4045734,-462.0515194789595
1747588223.4084952,-486.3892796380563
1747588223.4124167,-510.5440402902688
1747588223.4163382,-534.4643903495407
1747588223.4202597,-558.0988194654942
1747588223.4241815,-581.3895216855559
1747588223.428103,-604.254500098597
1747588223.4320245,-626.5911437768547
1747588223.435946,-648.2945895477013
1747588223.4398677,-669.248204499622
1747588223.4437892,-689.2867420212665
1747588223.4477108,-708.1870306745205
1747588223.4516323,-725.6994244237952
1747588223.455554,-741.5711329138929
1747588223.4594755,-755.5419763792859
1747588223.463397,-767.3412442807722
1747588223.4673185,-776.6986840668001
1747588223.4712403,-783.3602930037528
1747588223.4751618,-787.1085607381151
1747588223.4790833,-787.7791239134601
1747588223.4830048,-785.2542046457327
1747588223.4869266,-779.44356418254
1747588223.490848,-770.2843042904475
1747588223.4947696,-757.7542798551914
1747588223.498691,-741.8655314247226
1747588223.5026128,-722.6393289786922
1747588223.5065343,-700.1034753210795
1747588223.5104558,-674.3228797812072
1747588223.5143774,-645.419734167917
1747588223.518299,-613.5590170596074
1747588223.5222206,-578.9365119688492
1747588223.5261421,-541.7971383390858
1747588223.5300636,-502.4540250803239
1747588223.5339854,-461.2735780403223
1747588223.537907,-418.6404788014583
1747588223.5418284,-374.93651883591707
1747588223.54575,-330.52960206278107
1747588223.5496716,-285.75515475440767
1747588223.608495,266.179784937922
1747588223.6124167,287.70095539363325
1747588223.6163383,307.250153986353
1747588223.6202598,324.9200571862858
1747588223.6241813,340.74433254677325
1747588223.628103,354.6636144906765
1747588223.6320245,366.524094302766
1747588223.635946,376.13426121453426
1747588223.6398675,383.3215287750757
1747588223.6437893,387.95863639131574
1747588223.6477108,389.974488064809
1747588223.6516323,389.3365732673763
1747588223.6555538,386.0204468840411
1747588223.6594756,380.02655592983643
1747588223.663397,371.42832143093256
1747588223.6673186,360.36340652829153
1747588223.67124,346.97504795705913
1747588223.6751618,331.4015458394952
1747588223.6790833,313.8252079641912
1747588223.6830049,294.49788711516084
1747588223.6869264,273.74057765809846
1747588223.690848,251.9582903518563
1747588225.9423873,-258.21819494553927
1747588225.946309,-268.40279357666986
1747588225.9502306,-277.5658871057826
1747588225.954152,-285.6850613947917
1747588225.9580736,-292.7603987122878
1747588225.9619954,-298.8144345050695
1747588225.9659169,-303.8943664575573
1747588225.9698384,-308.0648218459109
1747588225.97376,-311.40456117883434
1747588225.9776816,-314.0187419648105
1747588225.9816031,-316.0525256593073
1747588225.9855247,-317.6844013559782
1747588225.9894462,-319.10773343101613
1747588225.993368,-320.5317813138406
1747588225.9972894,-322.19914529569434
1747588226.001211,-324.38336578596045
1747588226.0051324,-327.36248736508253
1747588226.0090542,-331.3905099469357
1747588226.0129757,-336.67375961632024
1747588226.0168972,-343.36141626066234
1747588226.0208187,-351.5585029368422
1747588226.0247405,-361.3363921307817
1747588226.028662,-372.71652821944707
1747588226.0325835,-385.65295138214293
1747588226.036505,-400.04685423769183
1747588226.0404267,-415.7731872387951
1747588226.0443482,-432.6823187318563
1747588226.0482697,-450.58617427411804
1747588226.0521913,-469.2621118924832
1747588226.056113,-488.46981572422567
1747588226.0600345,-507.9444306482069
1747588226.063956,-527.3670800607078
1747588226.0678775,-546.3599311623996
1747588226.0717993,-564.5169057586045
1747588226.0757208,-581.4333224550666
1747588226.0796423,-596.7185080600065
1747588226.0835638,-610.0004736439975
1747588226.0874856,-620.9260073493981
1747588226.091407,-629.165132853133
1747588226.0953286,-634.4318087846768
1747588226.09925,-636.5036978964907
1747588226.1031718,-635.2144631740541
1747588226.1070933,-630.4328534667987
1747588226.1110148,-622.064851799636
1747588226.1149364,-610.0727551095711
1747588226.118858,-594.4716173228746
1747588226.1227796,-575.3064995450266
1747588226.126701,-552.6549241163143
1747588226.1306226,-526.6557547298429
1747588226.1345444,-497.5152326643054
1747588226.138466,-465.47526475136726
1747588226.1423874,-430.81181221209107
1747588226.146309,-393.9061987240091
1747588226.1502306,-355.28965539084584
1747588226.1541522,-315.5883684398014
1747588226.1580737,-275.4284486475114
1747588226.2325835,251.58387109630726
1747588226.236505,256.473726679406
1747588226.2404265,259.19323760275205
1747588226.2443483,260.01117217435876
1747588226.2482698,259.19765119397937
1747588226.2521913,257.0194150674812
1747588226.2561128,253.75280563753302
1747588226.4911532,-268.3134118923666
1747588226.4950747,-286.688919673813
1747588226.4989965,-304.04572473311254
1747588226.502918,-320.2405200596556
1747588226.5068395,-335.1703544031451
1747588226.510761,-348.76461279154006
1747588226.5146828,-360.9845449940247
1747588226.5186043,-371.82014103024443
1747588226.5225258,-381.2822574042937
1747588226.5264473,-389.4038017116105
1747588226.530369,-396.25031472870285
1747588226.5342906,-401.9198449115597
1747588226.538212,-406.52767906661677
1747588226.5421336,-410.19674527995465
1747588226.5460553,-413.0583329097868
1747588226.5499768,-415.246889957262
1747588226.5538983,-416.8899444406227
1747588226.5578198,-418.10812090141525
1747588226.5617416,-419.0249519360822
1747588226.565663,-419.7723144352145
1747588226.5695846,-420.4865840191525
1747588226.573506,-421.30402977520663
1747588226.5774279,-422.35469914436106
1747588226.5813494,-423.7490854175211
1747588226.585271,-425.5696836504807
1747588226.5891924,-427.87700819424293
1747588226.5931141,-430.720422837665
1747588226.5970356,-434.1442172429251
1747588226.6009572,-438.1876628051708
1747588226.6048787,-442.8797616289004
1747588226.6088004,-448.2288272216994
1747588226.612722,-454.21702101461597
1747588226.6166434,-460.8127688208491
1747588226.620565,-467.9880991470474
1747588226.6244867,-475.72187229361685
1747588226.6284082,-483.9970179748883
1747588226.6323297,-492.8026287168132
1747588226.6362512,-502.13492019349604
1747588226.640173,-511.99200629494504
1747588226.6440945,-522.3647816207183
1747588226.648016,-533.2288456424552
1747588226.6519375,-544.5440530459213
1747588226.6558592,-556.2597066286266
1747588226.6597807,-568.3064494789404
1747588226.6637022,-580.5697975395617
1747588226.6676238,-592.8782946638271
1747588226.6715455,-605.0248176562717
1747588226.675467,-616.7904018262683
1747588226.6793885,-627.9448380446938
1747588226.68331,-638.2390852362413
1747588226.6872318,-647.4097069029835
1747588226.6911533,-655.1913170689319
1747588226.6950748,-661.3271170469468
1747588226.6989963,-665.5750514125153
1747588226.702918,-667.7068570902263
1747588226.7068396,-667.5068296667225
1747588226.710761,-664.7843389764948
1747588226.7146826,-659.3865240421676
1747588226.7186043,-651.1865713684107
1747588226.7225258,-640.0656503684638
1747588226.7264473,-625.9223227206902
1747588226.7303689,-608.7027106377382
1747588226.7342906,-588.4182693545356
1747588226.738212,-565.1364707282235
1747588226.7421336,-538.9694991667529
1747588226.7460551,-510.08610004370667
1747588226.7499769,-478.7189749346334
1747588226.7538984,-445.1354223905919
1747588226.75782,-409.5925981443976
1747588226.7617414,-372.3173878165792
1747588226.7656631,-333.5237858921441
1747588226.7695847,-293.439218250194
1747588226.7735062,-252.3039405859905
1747588226.848016,254.83487164215296
1747588226.8519375,258.6438174657301
1747588226.855859,261.4041113065241
1747588226.8597808,263.2967515987903
1747588226.8637023,264.4661163485179
1747588226.8676238,265.0261788409965
1747588226.8715453,265.0894824814008
1747588226.875467,264.7756990703836
1747588226.8793886,264.2472345225408
1747588226.88331,263.75390722844094
1747588226.8872316,263.6070265186101
1747588226.8911533,264.11919108541764
1747588226.8950748,265.54856248383794
1747588226.8989964,268.02490199931873
1747588226.9029179,271.52837480011857
1747588226.9068396,275.96368109145584
1747588226.910761,281.21207632722474
1747588226.9146826,287.1157385648494
1747588226.9186041,293.4804007178706
1747588226.922526,300.10162946269844
1747588226.9264474,306.7585091006386
1747588226.930369,313.20543026428294
1747588226.9342904,319.20266413286515
1747588226.9382122,324.53878502065265
1747588226.9421337,329.0172724251084
1747588226.9460552,332.43209762073377
1747588226.9499767,334.5310906704286
1747588226.9538984,334.9943254140842
1747588226.95782,333.49326448759746
1747588226.9617414,329.8109592225842
1747588226.965663,323.909691191969
1747588226.9695847,315.8945852716915
1747588226.9735062,305.9382664548253
1747588226.9774277,294.2294622029771
1747588226.9813492,280.9671667118378
1747588226.985271,266.3909265413542
1747588226.9891925,250.7905638323142
1747588227.1852708,250.49295816493995
1747588227.1891925,252.3236103291708
1747588227.193114,253.666598844092
1747588227.1970356,254.5878484041115
1747588227.200957,255.17751145650723
1747588227.2048788,255.48647753082324
1747588227.2088003,255.4944032509523
1747588227.2127218,255.1206935885014
1747588227.2166433,254.24580924831895
1747588227.220565,252.75631537710032
1747588227.2244866,250.58612243579134
1747588228.3346534,-267.4528648014487
1747588228.338575,-295.54065085146857
1747588228.3424966,-323.4706462745558
1747588228.3464181,-350.94240090438507
1747588228.3503397,-377.6817425206518
1747588228.3542612,-403.46049913886486
1747588228.358183,-428.0972793969484
1747588228.3621044,-451.4359709175987
1747588228.366026,-473.3323425499683
1747588228.3699474,-493.6570449183523
1747588228.3738692,-512.2959087711866
1747588228.3777907,-529.1440965040584
1747588228.3817122,-544.1095313585857
1747588228.3856337,-557.1276729986884
1747588228.3895555,-568.1714730892539
1747588228.393477,-577.2469337410115
1747588228.3973985,-584.3858626010682
1747588228.40132,-589.6517422563252
1747588228.4052417,-593.1508018916269
1747588228.4091632,-595.0278916838254
1747588228.4130847,-595.451371629583
1747588228.4170063,-594.5993265778654
1747588228.420928,-592.6399898673072
1747588228.4248495,-589.7126761691485
1747588228.428771,-585.9282106383494
1747588228.4326925,-581.3782829824958
1747588228.4366143,-576.1389380552462
1747588228.4405358,-570.2774699630171
1747588228.4444573,-563.8642142871158
1747588228.4483788,-556.9762513366991
1747588228.4523005,-549.6897043607117
1747588228.456222,-542.070838819582
1747588228.4601436,-534.1756157723378
1747588228.464065,-526.0505101006372
1747588228.4679868,-517.7273035163169
1747588228.4719083,-509.22332150650396
1747588228.4758298,-500.5488218946484
1747588228.4797513,-491.71038736719635
1747588228.483673,-482.7184011998289
1747588228.4875946,-473.605220684595
1747588228.491516,-464.43281711143567
1747588228.4954376,-455.2784520255111
1747588228.4993594,-446.2161107326834
1747588228.5032809,-437.3060150129251
1747588228.5072024,-428.5906598961527
1747588228.511124,-420.0978306259052
1747588228.5150456,-411.8475353674561
1747588228.5189672,-403.85638860425826
1747588228.5228887,-396.1403750367107
1747588228.5268102,-388.7191074001123
1747588228.530732,-381.62103297441905
1747588228.5346534,-374.88947034213425
1747588228.538575,-368.58704215656746
1747588228.5424964,-362.7920632681243
1747588228.5464182,-357.58852810276437
1747588228.5503397,-353.0537962730465
1747588228.5542612,-349.2352156304945
1747588228.5581827,-346.12386648676824
1747588228.5621045,-343.65628675744375
1747588228.566026,-341.7388594410769
1747588228.5699475,-340.2623590415175
1747588228.573869,-339.10732819377625
1747588228.5777907,-338.15521243230944
1747588228.5817122,-337.3018006540179
1747588228.5856338,-336.4706108178074
1747588228.5895553,-335.6240376747705
1747588228.593477,-334.7598637201494
1747588228.5973985,-333.88744934379906
1747588228.60132,-332.99625481218834
1747588228.6052415,-332.04235033152196
1747588228.6091633,-330.9611288000865
1747588228.6130848,-329.68340583292485
1747588228.6170063,-328.14194288798166
1747588228.6209278,-326.27953988804285
1747588228.6248496,-324.0593769414949
1747588228.628771,-321.46594657368
1747588228.6326926,-318.50041059274685
1747588228.636614,-315.1833692281175
1747588228.6405358,-311.5611479773176
1747588228.6444573,-307.70409957619256
1747588228.6483788,-303.70616311790855
1747588228.6523004,-299.7000233728268
1747588228.656222,-295.8691952577566
1747588228.6601436,-292.4331672835721
1747588228.6640651,-289.619828160998
1747588228.6679866,-287.64505909453294
1747588228.6719084,-286.6979542333164
1747588228.67583,-286.93368340626927
1747588228.6797514,-288.4785508839689
1747588228.683673,-291.4313415537478
1747588228.6875947,-295.84665729817095
1747588228.6915162,-301.72073171188856
1747588228.6954377,-309.0038656209895
1747588228.6993592,-317.62013835231585
1747588228.703281,-327.4599341691887
1747588228.7072024,-338.35810387016437
1747588228.711124,-350.09848950698705
1747588228.7150455,-362.438899049678
1747588228.7189672,-375.1187912632554
1747588228.7228887,-387.8516520788257
1747588228.7268102,-400.3283256840048
1747588228.7307317,-412.23172470498736
1747588228.7346535,-423.2492726759147
1747588228.738575,-433.0759618567469
1747588228.7424965,-441.4093173277561
1747588228.746418,-447.94317058833514
1747588228.7503397,-452.3638925206802
1747588228.7542613,-454.3572215340845
1747588228.7581828,-453.6299422913487
1747588228.7621043,-449.92599384935653
1747588228.766026,-443.03022243519865
1747588228.7699475,-432.7869457535166
1747588228.773869,-419.12681056633085
1747588228.7777905,-402.057234642652
1747588228.7817123,-381.6240234448247
1747588228.7856338,-357.922784786073
1747588228.7895553,-331.17942752066875
1747588228.7934768,-301.78183811687876
1747588228.7973986,-270.21278984658386
1747588228.8719082,256.7534396419851
1747588228.87583,272.5909765743527
1747588228.8797514,286.4748655938533
1747588228.883673,298.20641877583535
1747588228.8875945,307.6291416184527
1747588228.8915162,314.6688878218037
1747588228.8954377,319.33234040486343
1747588228.8993592,321.6946011535817
1747588228.9032807,321.959900607232
1747588228.9072025,320.5091403492702
1747588228.911124,317.82140889494445
1747588228.9150455,314.3657163390486
1747588228.918967,310.5468735860123
1747588228.9228888,306.65053917899246
1747588228.9268103,302.818363128715
1747588228.9307318,299.11262499379774
1747588228.9346533,295.57726404303077
1747588228.938575,292.2302027643464
1747588228.9424965,289.0568186281968
1747588228.946418,286.0290197277451
1747588228.9503396,283.10209039521834
1747588228.9542613,280.20356119949923
1747588228.9581828,277.25443859809616
1747588228.9621043,274.18739492122035
1747588228.9660258,270.94860243199076
1747588228.9699476,267.5202362828398
1747588228.973869,263.9225359053828
1747588228.9777906,260.18584149986924
1747588228.981712,256.35085953887307
1747588228.9856339,252.46835543476965
1747588229.0679867,256.88314245954945
1747588229.0719082,263.8348492997794
1747588229.0758297,270.22139948367766
1747588229.0797515,275.8243830517582
1747588229.083673,280.4626347869058
1747588229.0875945,283.99704171222373
1747588229.091516,286.34122779157195
1747588229.0954378,287.44379680504414
1747588229.0993593,287.2794513540369
1747588229.1032808,285.8903156811571
1747588229.1072023,283.37865179634053
1747588229.111124,279.8246726678236
1747588229.1150455,275.2580471457161
1747588229.118967,269.6930248334746
1747588229.1228886,263.15358374327906
1747588229.1268103,255.69804502517457
1747588229.2326925,254.6849560536132
1747588229.2366142,265.0657182314663
1747588229.2405357,274.9472132642166
1747588229.2444572,284.05371830947877
1747588229.2483788,292.1290374852329
1747588229.2523005,298.9289484520856
1747588229.256222,304.2227476697791
1747588230.8663526,-251.26257322809906
1747588230.870274,-264.9835791868944
1747588230.8741958,-278.15181212461204
1747588230.8781173,-290.75253352064976
1747588230.8820388,-302.7460283837993
1747588230.8859603,-314.0637466646833
1747588230.889882,-324.62935617266214
1747588230.8938036,-334.3710879215771
1747588230.897725,-343.2200027008006
1747588230.9016466,-351.1143767015722
1747588230.9055684,-358.0053467889495
1747588230.9094899,-363.85164017226776
1747588230.9134114,-368.6199293382778
1747588230.917333,-372.3003657669553
1747588230.9212546,-374.91286779390936
1747588230.9251761,-376.49228984505254
1747588230.9290977,-377.07530232523845
1747588230.9330192,-376.7062157172992
1747588230.936941,-375.4491553496642
1747588230.9408624,-373.38802545870976
1747588230.944784,-370.62045013025653
1747588230.9487054,-367.2657076247167
1747588230.9526272,-363.4807722979795
1747588230.9565487,-359.45790075710136
1747588230.9604702,-355.4065953336969
1747588230.9643917,-351.5489533841528
1747588230.9683135,-348.1268037300216
1747588230.972235,-345.3951841904821
1747588230.9761565,-343.60406034125833
1747588230.980078,-342.9803812076343
1747588230.9839997,-343.70726206534465
1747588230.9879212,-345.91096731729954
1747588230.9918427,-349.6725465022167
1747588230.9957643,-355.04330786609603
1747588230.999686,-362.0315762074277
1747588231.0036075,-370.57929672856164
1747588231.007529,-380.5708964649139
1747588231.0114505,-391.8629735239068
1747588231.0153723,-404.2889039737587
1747588231.0192938,-417.6391540714989
1747588231.0232153,-431.6591663025859
1747588231.0271368,-446.0689451937355
1747588231.0310585,-460.56511951755016
1747588231.03498,-474.80104230101
1747588231.0389016,-488.3846833401612
1747588231.042823,-500.90428070223714
1747588231.0467448,-511.95681293485666
1747588231.0506663,-521.1712730523924
1747588231.0545878,-528.2254377065613
1747588231.0585093,-532.8427046091142
1747588231.062431,-534.7737971994694
1747588231.0663526,-533.7895715923536
1747588231.070274,-529.6893039540731
1747588231.0741956,-522.3020523262502
1747588231.0781174,-511.48258232225436
1747588231.0820389,-497.1322490991035
1747588231.0859604,-479.2366730480421
1747588231.089882,-457.8695286097765
1747588231.0938036,-433.1599079744414
1747588231.0977252,-405.2787890691076
1747588231.1016467,-374.4606264504132
1747588231.1055682,-341.0135697569207
1747588231.10949,-305.2910566617433
1747588231.1134114,-267.67960606055243
1747588231.1761565,254.2025542432984
1747588231.180078,272.15724700280106
1747588231.1839995,287.66848829356627
1747588231.1879213,300.6236096661056
1747588231.1918428,310.94495611504584
1747588231.1957643,318.5682883991899
1747588231.1996858,323.48123818094876
1747588231.2036076,325.75083155507815
1747588231.207529,325.4751689889907
1747588231.2114506,322.74939389395433
1747588231.215372,317.68258529623284
1747588231.2192938,310.4227202294758
1747588231.2232153,301.1757673416908
1747588231.2271369,290.2021562496344
1747588231.2310584,277.7799494629862
1747588231.23498,264.17873980665263
1747588235.5645483,-258.1497494230061
1747588235.5684698,-270.40215747562564
1747588235.5723913,-283.82176967794555
1747588235.576313,-298.3905992698448
1747588235.5802345,-314.05763883554687
1747588235.584156,-330.74618091569806
1747588235.5880775,-348.373243827525
1747588235.5919993,-366.8411492631567
1747588235.5959208,-386.0071464575935
1747588235.5998423,-405.6751554205611
1747588235.6037638,-425.6148160575827
1747588235.6076856,-445.56078277376054
1747588235.611607,-465.186453112067
1747588235.6155286,-484.10700365734857
1747588235.61945,-501.9208524289474
1747588235.6233718,-518.2444412202136
1747588235.6272933,-532.7308397533682
1747588235.6312149,-545.0869224390727
1747588235.6351364,-555.0767015339729
1747588235.639058,-562.5051765940638
1747588235.6429796,-567.2103250485144
1747588235.6469011,-569.0728895449242
1747588235.6508226,-568.0158034427125
1747588235.6547444,-563.987363721773
1747588235.658666,-556.9614098599217
1747588235.6625874,-546.959592477855
1747588235.666509,-534.0543610438706
1747588235.6704307,-518.3443048910518
1747588235.6743522,-499.9501413684401
1747588235.6782737,-479.04646452599906
1747588235.6821952,-455.8804733977868
1747588235.686117,-430.7482747609513
1747588235.6900384,-403.9593816015279
1747588235.69396,-375.8198879980124
1747588235.6978815,-346.6225577758139
1747588235.7018032,-316.63276071075614
1747588235.7057247,-286.08719302731333
1747588235.7096462,-255.2106898523697
1747588239.1180441,-252.44675487151102
1747588239.1219656,-275.63047192853014
1747588239.1258872,-299.5103562848409
1747588239.1298087,-323.98542536219117
1747588239.1337304,-348.93923712731805
1747588239.137652,-374.23712261814285
1747588239.1415734,-399.6990144798987
1747588239.145495,-425.0914196573217
1747588239.1494167,-450.1540269652772
1747588239.1533382,-474.62681822050786
1747588239.1572597,-498.2581742733872
1747588239.1611812,-520.8045885995259
1747588239.165103,-542.0293061453004
1747588239.1690245,-561.6944073748278
1747588239.172946,-579.5510150726094
1747588239.1768675,-595.3470655376584
1747588239.1807892,-608.8454105000878
1747588239.1847107,-619.8303547970899
1747588239.1886322,-628.1152604928482
1747588239.1925538,-633.5561823427677
1747588239.1964755,-636.0434938885786
1747588239.200397,-635.474629924267
1747588240.1079278,256.39206988169923
1747588240.1118495,261.3102929314993
1747588240.115771,264.31266218095186
1747588240.1196926,265.5784829836704
1747588240.123614,265.3154923983096
1747588240.1275358,263.7250246141511
1747588240.1314573,260.967429451579
1747588240.1353788,257.11711974290466
1747588240.1393003,252.15855995949858
1747588240.9271808,-262.3153938358601
1747588240.9311025,-278.4664348490903
1747588240.935024,-294.56918134620696
1747588240.9389455,-310.63014484322724
1747588240.942867,-326.6731881892986
1747588240.9467888,-342.7265241160969
1747588240.9507103,-358.8184596340866
1747588240.9546318,-374.97379802714704
1747588240.9585533,-391.2033296065749
1747588240.962475,-407.49954918402204
1747588240.9663966,-423.8432931538503
1747588240.970318,-440.2035177214048
1747588240.9742396,-456.5238784717446
1747588240.9781613,-472.71656192416305
1747588240.9820828,-488.67237477516466
1747588240.9860044,-504.26374160434153
1747588240.9899259,-519.3274548706808
1747588240.9938476,-533.6537609545508
1747588240.997769,-547.0024571540702
1747588241.0016906,-559.1259342675252
1747588241.0056121,-569.7821448698032
1747588241.009534,-578.7463058533647
1747588241.0134554,-585.8175999983376
1747588241.017377,-590.8097683920554
1747588241.0212984,-593.5439909055232
1747588241.0252202,-593.859976855329
1747588241.0291417,-591.6225390915889
1747588241.0330632,-586.70921525886
1747588241.0369847,-579.0075644797428
1747588241.0409064,-568.4408216643826
1747588241.044828,-554.9900701558129
1747588241.0487494,-538.683259216784
1747588241.052671,-519.5763600303807
1747588241.0565927,-497.76654629887224
1747588241.0605142,-473.4223492604738
1747588241.0644357,-446.78170146082687
1747588241.0683572,-418.1205643340496
1747588241.072279,-387.73393576454674
1747588241.0762005,-355.9254161504612
1747588241.080122,-322.98513748967684
1747588241.0840435,-289.17828458516055
1747588241.0879653,-254.7528358454716
1747588241.1624749,261.52975205086545
1747588241.1663966,271.0620078462084
1747588241.1703181,278.4138918087001
1747588241.1742396,283.657418511611
1747588241.1781611,286.81251968056364
1747588241.182083,287.8899813998962
1747588241.1860044,286.93714211028947
1747588241.668857,-252.80338950616033
1747588241.6727786,-259.15112084217066
1747588241.6767,-263.6700163154958
1747588241.6806219,-266.1332677320956
1747588241.6845434,-266.33259679547217
1747588241.6884649,-264.1079351720863
1747588241.6923864,-259.3538453119925
1747588241.6963081,-252.04791848547967
1747588242.2499275,-261.8079023676396
1747588242.2538493,-296.581114300823
1747588242.2577708,-331.45867944572416
1747588242.2616923,-365.8299303210979
1747588242.2656138,-399.0838278558195
1747588242.2695355,-430.6493970730905
1747588242.273457,-460.0075725699339
1747588242.2773786,-486.6725476463487
1747588242.2813,-510.1931984092866
1747588242.2852218,-530.1892079182569
1747588242.2891433,-546.3726357303769
1747588242.2930648,-558.5298227834596
1747588242.2969863,-566.5039966418881
1747588242.300908,-570.2034860706325
1747588242.3048296,-569.6062779114161
1747588242.308751,-564.7440986384765
1747588242.3126726,-555.6889808354251
1747588242.3165944,-542.5632253460386
1747588242.3205159,-525.5667017283249
1747588242.3244374,-504.9924737030871
1747588242.328359,-481.2127284564974
1747588242.3322806,-454.6524772994487
1747588242.3362021,-425.7693615521346
1747588242.3401237,-395.04029276563017
1747588242.3440452,-362.95074889951263
1747588242.347967,-329.97904304428187
1747588242.3518884,-296.5826160886675
1747588242.35581,-263.20400375656146
1747588242.4656138,-256.1888893103152
1747588242.4695354,-285.96243296291254
1747588242.473457,-315.6443760103655
1747588242.4773786,-344.8990933316921
1747588242.4813,-373.37600295388063
1747588242.4852216,-400.6926496302663
1747588242.4891434,-426.44392937469814
1747588242.4930649,-450.2324429452395
1747588242.4969864,-471.68335616840534
1747588242.500908,-490.4510185996077
1747588242.5048296,-506.24327976390856
1747588242.5087512,-518.8379754142783
1747588242.5126727,-528.0677471068075
1747588242.5165942,-533.8082484664858
1747588242.520516,-535.988275764159
1747588242.5244374,-534.5864217660232
1747588242.528359,-529.6099026373604
1747588242.5322804,-521.0976854549114
1747588242.5362022,-509.1510190073001
1747588242.5401237,-493.94473219696243
1747588242.5440452,-475.70165792389065
1747588242.5479667,-454.669476225731
1747588242.5518885,-431.13183879528344
1747588242.55581,-405.42796744339125
1747588242.5597315,-377.94315374375833
1747588242.563653,-349.0805181083978
1747588242.5675747,-319.23925184103615
1747588242.5714962,-288.79180224275905
1747588242.5754178,-258.05985492648136
1747588243.9849484,-251.88676714532693
1747588243.9888701,-269.53510704119907
1747588243.9927917,-287.4911373928543
1747588243.9967132,-305.7770527131456
1747588244.0006347,-324.4162413838838
1747588244.0045564,-343.4243813083509
1747588244.008478,-362.8142378801268
1747588244.0123994,-382.59798034888115
1747588244.016321,-402.76965177566177
1747588244.0202427,-423.284018027977
1747588244.0241642,-444.06177700150823
1747588244.0280857,-465.0101495730953
1747588244.0320072,-486.02291999272217
1747588244.035929,-506.9630421555599
1747588244.0398505,-527.6616094673194
1747588244.043772,-547.9353721713096
1747588244.0476935,-567.5964133124695
1747588244.0516152,-586.4493430303505
1747588244.0555367,-604.2911640442563
1747588244.0594583,-620.9167792752241
1747588244.0633798,-636.1239714669879
1747588244.0673015,-649.7147655117986
1747588244.071223,-661.4923788260517
1747588244.0751445,-671.2573776275605
1747588244.079066,-678.8115518031016
1747588244.0829878,-683.9749449920621
1747588244.0869093,-686.6009179503276
1747588244.0908308,-686.5672299576007
1747588244.0947523,-683.7606636039491
1747588244.098674,-678.094747235449
1747588244.1025956,-669.5496613001369
1747588244.106517,-658.1802321631733
1747588244.1104386,-644.0829537743384
1747588244.1143603,-627.368600337786
1747588244.1182818,-608.1615645991238
1747588244.1222034,-586.6039385642955
1747588244.1261249,-562.8481054841488
1747588244.1300466,-537.041402621612
1747588244.133968,-509.3175349637857
1747588244.1378896,-479.8050656015068
1747588244.1418111,-448.6372492817933
1747588244.1457329,-415.94718160175745
1747588244.1496544,-381.8653980699838
1747588244.153576,-346.5331194444415
1747588244.1574974,-310.11223126632194
1747588244.1614192,-272.77986026053463
1747588244.3505666,-258.99222857106344
1747588244.3544884,-268.3784242517728
1747588244.35841,-277.9049754456352
1747588244.3623314,-287.57054347363805
1747588244.366253,-297.3640398016151
1747588244.3701746,-307.2740556524727
1747588244.3740962,-317.29163642283066
1747588244.3780177,-327.40213742972236
1747588244.3819392,-337.58272754291875
1747588244.385861,-347.81735289721644
1747588244.3897824,-358.12016885063383
1747588244.393704,-368.5478980787179
1747588244.3976254,-379.19171405994206
1747588244.4015472,-390.1586762982065
1747588244.4054687,-401.5512529217174
1747588244.4093902,-413.4473403783531
1747588244.4133117,-425.8941797987186
1747588244.4172335,-438.9173357730865
1747588244.421155,-452.51932305500475
1747588244.4250765,-466.6612768580702
1747588244.428998,-481.25585031251404
1747588244.4329197,-496.1838892688849
1747588244.4368412,-511.3103140279882
1747588244.4407628,-526.4814079547979
1747588244.4446843,-541.5194095170916
1747588244.448606,-556.2284870903698
1747588244.4525275,-570.3947490132223
1747588244.456449,-583.7719866578091
1747588244.4603705,-596.0810748728389
1747588244.4642923,-607.0321963439482
1747588244.4682138,-616.3446875142296
1747588244.4721353,-623.7609673308975
1747588244.4760568,-629.0635174925314
1747588244.4799786,-632.0773712149636
1747588244.4839,-632.6529180962345
1747588244.4878216,-630.6593372957143
1747588244.491743,-625.9990345414482
1747588244.4956648,-618.6142635169857
1747588244.4995863,-608.4729669083437
1747588244.5035079,-595.5600896631514
1747588244.5074294,-579.8923520338468
1747588244.511351,-561.5339334156059
1747588244.5152726,-540.589002141681
1747588244.5191941,-517.187631148684
1747588244.5231156,-491.491445525919
1747588244.5270374,-463.70503095934595
1747588244.530959,-434.06542586361235
1747588244.5348804,-402.8232871652313
1747588244.538802,-370.245927047012
1747588244.5427237,-336.6350961123034
1747588244.5466452,-302.3294760340771
1747588244.5505667,-267.6862790253868
1747588245.990835,-256.86903427441996
1747588245.9947567,-271.3605886656273
1747588245.9986782,-285.57484903650914
1747588246.0025997,-299.5454628102487
1747588246.0065212,-313.34933330427776
1747588246.010443,-327.105480560458
1747588246.0143645,-340.9507782680541
1747588246.018286,-355.0148477743059
1747588246.0222075,-369.4071221271349
1747588246.0261292,-384.21446353802116
1747588246.0300508,-399.5042725236286
1747588246.0339723,-415.3195289321764
1747588246.0378938,-431.65950845037185
1747588246.0418155,-448.4682807036142
1747588246.045737,-465.64841945337815
1747588246.0496585,-483.07740493569
1747588246.05358,-500.6002095709965
1747588246.0575018,-518.0141629456435
1747588246.0614233,-535.075653583135
1747588246.0653448,-551.5226894307926
1747588246.0692663,-567.0924099163664
1747588246.073188,-581.5310992596035
1747588246.0771096,-594.5984533669113
1747588246.081031,-606.0669812404424
1747588246.0849526,-615.7246142006724
1747588246.0888743,-623.3759444652084
1747588246.0927958,-628.8301632475253
1747588246.0967174,-631.8911042779519
1747588246.1006389,-632.3766643310888
1747588246.1045606,-630.1568977546623
1747588246.1084821,-625.1679773195173
1747588246.1124036,-617.3912900196264
1747588246.1163251,-606.8364383714423
1747588246.120247,-593.5526297853222
1747588246.1241684,-577.6400063829303
1747588246.12809,-559.2316634742518
1747588246.1320114,-538.4596928026612
1747588246.1359332,-515.4332580376384
1747588246.1398547,-490.24251860370896
1747588246.1437762,-462.9776936591301
1747588246.1476977,-433.7400268358138
1747588246.1516194,-402.6462175911499
1747588246.155541,-369.84276033899346
1747588246.1594625,-335.51975431015404
1747588246.163384,-299.905670358162
1747588246.1673057,-263.25155712282776
1747588246.4851456,-251.61087440643635
1747588246.489067,-263.0966084719433
1747588246.4929886,-275.4845462828788
1747588246.49691,-288.92029527366435
1747588246.5008318,-303.53808630936
1747588246.5047534,-319.445886013921
1747588246.5086749,-336.7180808504324
1747588246.5125964,-355.40196376336627
1747588246.516518,-375.50020440277837
1747588246.5204396,-396.92158771771375
1747588246.5243611,-419.465921444131
1747588246.5282826,-442.8679740136851
1747588246.5322044,-466.83244961479227
1747588246.536126,-491.02466588728134
1747588246.5400474,-515.0649381349975
1747588246.543969,-538.5542795186628
1747588246.5478907,-561.0991007116745
1747588246.5518122,-582.3154616449386
1747588246.5557337,-601.8299021729365
1747588246.5596552,-619.2860763075394
1747588246.563577,-634.3520578484703
1747588246.5674984,-646.7302380280256
1747588246.57142,-656.16661195058
1747588246.5753415,-662.4444438920506
1747588246.5792632,-665.3638425760216
1747588246.5831847,-664.7356078320478
1747588246.5871062,-660.4069563845494
1747588246.5910277,-652.2880894617838
1747588246.5949495,-640.3444616026156
1747588246.598871,-624.5828081510477
1747588246.6027925,-605.0712161246342
1747588246.606714,-581.9662540453326
1747588246.6106358,-555.4995189051747
1747588246.6145573,-525.940741348381
1747588246.6184788,-493.59213797927276
1747588246.6224003,-458.8082113990455
1747588246.626322,-421.9881787890249
1747588246.6302435,-383.54509666160504
1747588246.634165,-343.91467079428855
1747588246.6380866,-303.6083223669382
1747588246.6420083,-263.22252182610544
1747588265.8458018,-254.37346129635782
1747588265.8497233,-273.20815784772793
1747588265.853645,-291.93267318571753
1747588265.8575666,-310.35501719764244
1747588265.861488,-328.23957731869706
1747588265.8654096,-345.32050645426125
1747588265.8693314,-361.3241173272549
1747588265.8732529,-375.9852817266008
1747588265.8771744,-389.052345121636
1747588265.881096,-400.28613892146404
1747588265.8850176,-409.4683089486146
1747588265.8889391,-416.42937339568317
1747588265.8928607,-421.0761869332207
1747588265.8967822,-423.385384220427
1747588265.900704,-423.37149446961644
1747588265.9046254,-421.0700831705912
1747588265.908547,-416.5401513892128
1747588265.9124684,-409.85933661869745
1747588265.9163902,-401.1162276641016
1747588265.9203117,-390.42105397317323
1747588265.9242332,-377.92015965489594
1747588265.9281547,-363.78785718257427
1747588265.9320765,-348.2077781794877
1747588265.935998,-331.3723713817867
1747588265.9399195,-313.49908049387255
1747588265.943841,-294.83980515902863
1747588265.9477627,-275.6728394604365
1747588265.9516842,-256.28109368618044
